<?xml version="1.0" encoding="UTF-8" standalone="yes"?>
<addon id="plugin.video.teamstream"
       name="Teamstream.to"
       version="0.4.8"
       provider-name="siriuz">
  <requires>
    <import addon="xbmc.python" version="2.1.0" />
    <import addon="script.module.beautifulsoup" version="3.2.0" />
  </requires>
  <extension point="xbmc.python.pluginsource"
            library="teamstream.py">
        <provides>video</provides>
  </extension>
  <extension point="xbmc.addon.metadata">
    <platform>all</platform>
    <summary>Live-TV powered by Teamstream.to</summary>
    <description>
Kurzanleitung für die Benutzung des teamstream.to XBMC plugin:
--------------------------------------------------------------------------------
* Besorge dir einen invite für www.teamstream.to
* Kaufe dir einen Elite Zugang
* Folge den Installationsanweisungen im Wiki: https://github.com/siriuzwhite/plugin.video.teamstream/wiki
* Gib deinen Benutzernamen und dein Passwort in den Plugin Einstellungen ein.
* Viel Spaß beim Sky schauen ;)
    </description>
  </extension>
</addon>
