<xml>
	<channel name="Sky Streams" image="sky_streams.png">
	
		<item event_id="1">
			<title>Sky Bundesliga HD1</title>
			<epg>Sky Sport HD 1</epg>
			<file>pappkamerad1hd</file>
			<image>01.png</image>
		</item>
		
		<item event_id="2">
			<title>Sky Sport HD1</title>
			<epg>Sky Sport HD 1</epg>
			<file>pappkamerad2hd</file>
			<image>02.png</image>
		</item>
		
		<item event_id="3">
			<title>Sky Sport HD2</title>
			<epg>Sky Sport HD 2</epg>
			<file>pappkamerad3hd</file>
			<image>03.png</image>
		</item>
		
		<item event_id="4">
			<title>History HD</title>
			<epg>History</epg>
			<file>pappkamerad4hd</file>
			<image>04.png</image>
		 </item>

		<item event_id="5">
			<title>Discovery HD</title>
			<epg>Discovery Channel</epg>
			<file>pappkamerad5hd</file>
			<image>05.png</image>
		 </item>

		<item event_id="6">
			<title>Nat Geo HD</title>
			<epg>National Geographic Channel</epg>
			<file>pappkamerad6hd</file>
			<image>06.png</image>
		</item>

		<item event_id="7">
			<title>Sky Cinema HD</title>
			<epg>Sky Cinema</epg>
			<file>pappkamerad7hd</file>
			<image>07.png</image>
		</item>

		<item event_id="8">
			<title>ESPN America HD</title>
			<epg>ESPN America</epg>
			<file>pappkamerad8hd</file>
			<image>08.png</image>
		</item>

		<item event_id="9">
			<title>Sky Cinema +24</title>
			<epg>Sky Cinema +24</epg>
			<file>pappkamerad9hd</file>
			<image>09.png</image>
		</item>

		<item event_id="10">
			<title>Sky Action HD</title>
			<epg>Sky Action</epg>
			<file>streamer9hd</file>
			<image>10.png</image>
		 </item>

		<item event_id="11">
			<title>Sky 3D</title>
			<epg>Sky 3D</epg>
			<file>streamer10</file>
			<image>11.png</image>
		 </item>

		<item event_id="12">
			<title>Sportdigital</title>
			<epg>sportdigital</epg>
			<file>peppi1hd</file>
			<image>12.png</image>
		</item>

		<item event_id="13">
			<title>Sky Atlantic HD</title>
			<epg>Sky Atlantic HD</epg>
			<file>peppi2hd</file>
			<image>13.png</image>
		</item>

		<item event_id="14">
			<title>Sky Hits HD</title>
			<epg>Sky Hits</epg>
			<file>peppi3hd</file>
			<image>14.png</image>
		</item>

		<item event_id="15">
			<title>Sky Syfy</title>
			<epg>Syfy</epg>
			<file>peppi4hd</file>
			<image>15.png</image>
		</item>
		
		<item event_id="16">
			<title>Nat Geo Wild</title>
			<epg>Nat Geo Wild</epg>
			<file>peppi5hd</file>
			<image>16.png</image>
		</item>
		
		<item event_id="17">
			<title>Sky Comedy</title>
			<epg>Sky Comedy</epg>
			<file>peppi6hd</file>
			<image>17.png</image>
		</item>
		
		<item event_id="18">
			<title>TNT Serie HD</title>
			<epg>TNT Serie</epg>
			<file>peppi7hd</file>
			<image>18.png</image>
		</item>
		
		<item event_id="19">
			<title>13th Street HD</title>
			<epg>13TH STREET Universal</epg>
			<file>peppi8hd</file>
			<image>19.png</image>
		</item>
		
		<item event_id="20">
			<title>Sport 1+ HD</title>
			<epg>SPORT1+</epg>
			<file>peppi9hd</file>
			<image>20.png</image>
		</item>
		
		<item event_id="21">
			<title>Eurosport 2</title>
			<epg>Eurosport 2</epg>
			<file>nike</file>
			<image>21.png</image>
		</item>
		
		<item event_id="22">
			<title>Sky Sport News HD</title>
			<epg>Sky Sport News HD</epg>
			<file>pappkamerad10hd</file>
			<image>22.png</image>
		</item>
		
		<item event_id="23">
			<title>Disney Channel</title>
			<epg>Disney Channel</epg>
			<file>f12012</file>
			<image>23.png</image>
		</item>
		
	</channel>
	<channel name="Free TV Streams HD" image="free_tv_streams_hd.png">
		<item>
			<title>Sat.1 HD</title>
			<epg>Sat.1</epg>
			<file>pappkamerad11hd</file>
			<image>sat1.png</image>
		</item>
		<item>
			<title>Pro7 HD</title>
			<epg>ProSieben</epg>
			<file>pappkamerad12hd</file>
			<image>pro7.png</image>
		</item>
		<item>
			<title>VOX HD</title>
			<epg>VOX</epg>
			<file>pappkamerad13hd</file>
			<image>vox.png</image>
		</item>
		<item>
			<title>RTL HD</title>
			<epg>RTL</epg>
			<file>pappkamerad14hd</file>
			<image>rtl.png</image>
		</item>
		<item>
			<title>RTL2 HD</title>
			<epg>RTL II</epg>
			<file>nike2</file>
			<image>rtl2.png</image>
		</item>
	</channel
	<channel name="Free TV Streams SD" image="free_tv_streams.png">
		<item>
			<title>ARD</title>
			<epg>Das Erste</epg>
			<file>ard</file>
			<image>ard.png</image>
		</item>
		<item>
			<title>ZDF</title>
			<epg>ZDF</epg>
			<file>zdf</file>
			<image>zdf.png</image>
		</item>
		<item>
			<title>MDR</title>
			<epg>MDR</epg>
			<file>mdr</file>
			<image>mdr.png</image>
		</item>
		<item>
			<title>RTL</title>
			<epg>RTL</epg>
			<file>rtl</file>
			<image>rtl.png</image>
		</item>
		<item>
			<title>SAT.1</title>
			<epg>Sat.1</epg>
			<file>sat.1ch</file>
			<image>sat1.png</image>
		</item>
		<item>
			<title>PRO 7</title>
			<epg>ProSieben</epg>
			<file>pro7</file>
			<image>pro7.png</image>
		</item>
		<item>
			<title>Kabel 1</title>
			<epg>kabel eins</epg>
			<file>kabel1</file>
			<image>kabel_1.png</image>
		</item>
		<item>
			<title>RTL 2</title>
			<epg>RTL II</epg>
			<file>rtl2</file>
			<image>rtl2.png</image>
		</item>
		<item>
			<title>Super RTL</title>
			<epg>Super RTL</epg>
			<file>s-rtl</file>
			<image>super_rtl.png</image>
		</item>
		<item>
			<title>VIVA</title>
			<epg>VIVA</epg>
			<file>viva</file>
			<image>viva.png</image>
		</item>
		<item>
			<title>Das Vierte</title>
			<epg>Das VIERTE</epg>
			<file>dasvierte</file>
			<image>das_vierte.png</image>
		</item>
		<item>
			<title>Arte</title>
			<epg>Arte</epg>
			<file>arte</file>
			<image>arte.png</image>
		</item>
		<item>
			<title>VOX</title>
			<epg>VOX</epg>
			<file>vox</file>
			<image>vox.png</image>
		</item>
		<item event_id="Sport 1">
			<title>Sport 1</title>
			<epg>SPORT1</epg>
			<file>sport1</file>
			<image>sport_1.png</image>
		</item>
		<item>
			<title>DMAX</title>
			<epg>DMAX</epg>
			<file>dmax</file>
			<image>dmax.png</image>
		</item>
		<item event_id="Eurosport">
			<title>Eurosport</title>
			<epg>Eurosport</epg>
			<file>eusp</file>
			<image>eurosport.png</image>
		</item>
		<item>
			<title>WDR</title>
			<epg>WDR</epg>
			<file>wdr</file>
			<image>wdr.png</image>
		</item>
		<item>
			<title>NDR</title>
			<epg>NDR</epg>
			<file>ndr</file>
			<image>ndr.png</image>
		</item>
		<item>
			<title>SWR</title>
			<epg>SWR</epg>
			<file>swrbw</file>
			<image>swr.png</image>
		</item>
		<item>
			<title>NTV</title>
			<epg>n-tv</epg>
			<file>n-tv</file>
			<image>ntv.png</image>
		</item>
		<item>
			<title>3sat</title>
			<epg>3sat</epg>
			<file>3sat</file>
			<image>3sat.png</image>
		</item>
		<item>
			<title>ORF 1</title>
			<epg>ORF eins</epg>
			<file>orf1</file>
			<image>orf_1.png</image>
		</item>
		<item>
			<title>ORF 2</title>
			<epg>ORF 2</epg>
			<file>orf2</file>
			<image>orf_2.png</image>
		</item>
		<item>
			<title>SRF 1</title>
			<epg>SRF 1</epg>
			<file>srf1</file>
			<image>sf_1.png</image>
		</item>
		<item event_id="SF 2">
			<title>SRF 2</title>
			<epg>SRF 2</epg>
			<file>srf2</file>
			<image>sf_2.png</image>
		</item>
		<item>
			<title>ATV</title>
			<epg>ATV</epg>
			<file>atv</file>
			<image>atv.png</image>
		</item>
		<item>
			<title>3+</title>
			<epg>3plus</epg>
			<file>3plus</file>
			<image>3plus.png</image>
		</item>
		<item>
			<title>Servus TV</title>
			<epg>Servus TV</epg>
			<file>servustv</file>
			<image>servus_tv.png</image>
		</item>
		<item>
			<title>BBC One</title>
			<epg></epg>
			<file>bbc1</file>
			<image>bbc_one.png</image>
		</item>
		<item>
			<title>BBC Two</title>
			<epg></epg>
			<file>bbc2</file>
			<image>bbc_two.png</image>
		</item>
		<item>
			<title>CNN</title>
			<epg>CNN</epg>
			<file>cnn</file>
			<image>cnn.png</image>
		</item>
		<item>
			<title>ITV 1</title>
			<epg></epg>
			<file>itv1</file>
			<image>itv1.png</image>
		</item>
		<item>
			<title>ITV 2</title>
			<epg></epg>
			<file>itv2</file>
			<image>itv2.png</image>
		</item>
	</channel>
</xml>
